jugador,photo,idfoto
James Batemon,0000783359_5-6_03.jpg,0000783359_5-6_03
Luka Bozic,0000570188_5-6_03.jpg,0000570188_5-6_03
Martinas Geben,0000770885_5-6_03.jpg,0000770885_5-6_03
Oriol Paulí,0000570243_5-6_03.jpg,0000570243_5-6_03
Juan Fernández,0000568273_5-6_03.jpg,0000568273_5-6_03
Maxi Fjellerup,0000568312_5-6_03.jpg,0000568312_5-6_03
Ike Iroegbu,0000568215_5-6_03.jpg,0000568215_5-6_03
Aljami Durham,0000568142_5-6_03.jpg,0000568142_5-6_03
Rafael Villar,0000570293_5-6_03.jpg,0000570293_5-6_03
Juani Marcos,0000568291_5-6_03.jpg,0000568291_5-6_03
Pierre Oriola,0000570267_5-6_03.jpg,0000570267_5-6_03
Thomas Bropleh,0000570319_5-6_03.jpg,0000570319_5-6_03
Pep Busquets,0000770897_5-6_03.jpg,0000770897_5-6_03
Sergi Martínez,0000568379_5-6_03.jpg,0000568379_5-6_03
Corey Walden,0000570038_5-6_03.jpg,0000570038_5-6_03
Edo Muric,0000574818_5-6_03.jpg,0000574818_5-6_03
Mindaugas Susinskas,0000568336_5-6_03.jpg,0000568336_5-6_03
Johnny Hamilton,0000781877_5-6_03.jpg,0000781877_5-6_03
Mikel Sanz,0000808632_5-6_03.jpg,0000808632_5-6_03
Demajeo Wiggins,0000808642_5-6_03.jpg,0000808642_5-6_03
Kenny Hasbrouck,0000570164_5-6_03.jpg,0000570164_5-6_03
Yves Pons,0000568398_5-6_03.jpg,0000568398_5-6_03
Francisco Caffaro,0000568169_5-6_03.jpg,0000568169_5-6_03
Guillem Ferrando,0000568191_5-6_03.jpg,0000568191_5-6_03
Alexander Madsen,0000570007_5-6_03.jpg,0000570007_5-6_03
Jarod Lucas,0000800625_5-6_03.jpg,0000800625_5-6_03
Pol Campeny,0000605296_5-6_03.jpg,0000605296_5-6_03
Ferran Mauri,0000606956_5-6_03.jpg,0000606956_5-6_03
Jerrick Harding,0000568557_5-6_03.jpg,0000568557_5-6_03
Amine Noua,0000564460_5-6_03.jpg,0000564460_5-6_03
Shannon Evans,0000568705_5-6_03.jpg,0000568705_5-6_03
Nikos Chougkaz,0000568636_5-6_03.jpg,0000568636_5-6_03
Ben Lammers,0000568465_5-6_03.jpg,0000568465_5-6_03
Sekou Doumbouya,0000568682_5-6_03.jpg,0000568682_5-6_03
Sam Griffin,0000799744_5-6_03.jpg,0000799744_5-6_03
Sergi García,0000564746_5-6_03.jpg,0000564746_5-6_03
Elias Valtonen,0000564531_5-6_03.jpg,0000564531_5-6_03
Jonathan Rousselle,0000564631_5-6_03.jpg,0000564631_5-6_03
Kyle Kuric,0000568585_5-6_03.jpg,0000568585_5-6_03
Riccardo Visconti,0000799769_5-6_03.jpg,0000799769_5-6_03
Scott Bamforth,0000564720_5-6_03.jpg,0000564720_5-6_03
Rafa Luz,0000568656_5-6_03.jpg,0000568656_5-6_03
Gian Clavell,0000564577_5-6_03.jpg,0000564577_5-6_03
Felipe Dos Anjos,0000568506_5-6_03.jpg,0000568506_5-6_03
Stan Okoye,0000568738_5-6_03.jpg,0000568738_5-6_03
Ferran Bassas,0000568532_5-6_03.jpg,0000568532_5-6_03
Agustín Ubal,0000564427_5-6_03.jpg,0000564427_5-6_03
Omar Silverio,0000791258_5-6_03.jpg,0000791258_5-6_03
Chumi Ortega,0000568484_5-6_03.jpg,0000568484_5-6_03
Giorgi Bezhanishvili,0000791291_5-6_03.jpg,0000791291_5-6_03
Rubén Guerrero,0000564692_5-6_03.jpg,0000564692_5-6_03
Nacho Llovet,0000568609_5-6_03.jpg,0000568609_5-6_03
Ousmane Ndiaye,0000791268_5-6_03.jpg,0000791268_5-6_03
Iván Aurrecoechea,0000570623_5-6_03.jpg,0000570623_5-6_03
Nikola Radicevic,0000602245_5-6_03.jpg,0000602245_5-6_03
Enzo Goudou-Sinha,0000783295_5-6_03.jpg,0000783295_5-6_03
Aaron Ganal,0000568453_5-6_03.jpg,0000568453_5-6_03
Pere Tomàs,0000564666_5-6_03.jpg,0000564666_5-6_03
Luca Medal,0000606985_5-6_03.jpg,0000606985_5-6_03
Osi Cerdá,0000606999_5-6_03.jpg,0000606999_5-6_03
Trent Forrest,0000568068_5-6_03.jpg,0000568068_5-6_03
Tadas Sedekerskis,0000568004_5-6_03.jpg,0000568004_5-6_03
Chima Moneke,0000567667_5-6_03.jpg,0000567667_5-6_03
Donta Hall,0000567699_5-6_03.jpg,0000567699_5-6_03
Trey Thompkins,0000571334_5-6_03.jpg,0000571334_5-6_03
Alonzo Verge Jr.,0000813145_5-6_03.jpg,0000813145_5-6_03
Goran Huskic,0000571186_5-6_03.jpg,0000571186_5-6_03
Markus Howard,0000567839_5-6_03.jpg,0000567839_5-6_03
Timothé Luwawu-Cabarrot,0000568035_5-6_03.jpg,0000568035_5-6_03
Beqa Burjanadze,0000571133_5-6_03.jpg,0000571133_5-6_03
Nikos Rogkavopoulos,0000567867_5-6_03.jpg,0000567867_5-6_03
Olle Lundqvist,0000571256_5-6_03.jpg,0000571256_5-6_03
Kamar Baldwin,0000567763_5-6_03.jpg,0000567763_5-6_03
Karlis Silins,0000784086_5-6_03.jpg,0000784086_5-6_03
Atoumane Diagne,0000571093_5-6_03.jpg,0000571093_5-6_03
Phil Scrubb,0000571294_5-6_03.jpg,0000571294_5-6_03
Augusto Lima,0000571114_5-6_03.jpg,0000571114_5-6_03
Khalifa Diop,0000567786_5-6_03.jpg,0000567786_5-6_03
Yunio Barrueta,0000571357_5-6_03.jpg,0000571357_5-6_03
Luka Samanic,0000773295_5-6_03.jpg,0000773295_5-6_03
Aleix Font,0000571066_5-6_03.jpg,0000571066_5-6_03
Ingus Jakovics,0000571207_5-6_03.jpg,0000571207_5-6_03
Pavel Savkov,0000567954_5-6_03.jpg,0000567954_5-6_03
Ognjen Jaramaz,0000567898_5-6_03.jpg,0000567898_5-6_03
Sander Raieste,0000567979_5-6_03.jpg,0000567979_5-6_03
Angel Núñez,0000781949_5-6_03.jpg,0000781949_5-6_03
Santiago Martinez,0000571316_5-6_03.jpg,0000571316_5-6_03
Alex Hernández,0000571077_5-6_03.jpg,0000571077_5-6_03
Seydina Faye,0000567814_5-6_03.jpg,0000567814_5-6_03
Vit Hrabar,0000568102_5-6_03.jpg,0000568102_5-6_03
Joseba Querejeta,0000567739_5-6_03.jpg,0000567739_5-6_03
Niko Cebrián,0000571240_5-6_03.jpg,0000571240_5-6_03
Omar Thiam,0000571277_5-6_03.jpg,0000571277_5-6_03
Chimezie Metu,0000565462_5-6_03.jpg,0000565462_5-6_03
Jabari Parker,0000565526_5-6_03.jpg,0000565526_5-6_03
Melwin Pantzar,0000568953_5-6_03.jpg,0000568953_5-6_03
Joel Parra,0000565565_5-6_03.jpg,0000565565_5-6_03
Tryggvi Hlinason,0000569076_5-6_03.jpg,0000569076_5-6_03
Kevin Punter,0000565622_5-6_03.jpg,0000565622_5-6_03
Willy Hernangómez,0000565689_5-6_03.jpg,0000565689_5-6_03
Tomas Satoransky,0000565665_5-6_03.jpg,0000565665_5-6_03
Darío Brizuela,0000565502_5-6_03.jpg,0000565502_5-6_03
Nico Laprovittola,0000565641_5-6_03.jpg,0000565641_5-6_03
Harald Frey,0000568845_5-6_03.jpg,0000568845_5-6_03
Thijs De Ridder,0000569033_5-6_03.jpg,0000569033_5-6_03
Jan Vesely,0000565545_5-6_03.jpg,0000565545_5-6_03
Marvin Jones,0000568924_5-6_03.jpg,0000568924_5-6_03
Juan Núñez,0000565586_5-6_03.jpg,0000565586_5-6_03
Muhammad-Ali Abdur-Rahkman,0000569003_5-6_03.jpg,0000569003_5-6_03
Justin Anderson,0000565605_5-6_03.jpg,0000565605_5-6_03
Zoran Dragic,0000569120_5-6_03.jpg,0000569120_5-6_03
Youssoupha Fall,0000565714_5-6_03.jpg,0000565714_5-6_03
Tomasz Gielo,0000569054_5-6_03.jpg,0000569054_5-6_03
Álex Abrines,0000565432_5-6_03.jpg,0000565432_5-6_03
Bassala Bagayoko,0000568803_5-6_03.jpg,0000568803_5-6_03
Malcolm Cazalon,0000784047_5-6_03.jpg,0000784047_5-6_03
Rubén Domínguez,0000569011_5-6_03.jpg,0000569011_5-6_03
Raúl Villar,0000809179_5-6_03.jpg,0000809179_5-6_03
Amar Sylla,0000568787_5-6_03.jpg,0000568787_5-6_03
Kristian Kullamae,0000568902_5-6_03.jpg,0000568902_5-6_03
Xavi Rabaseda,0000569095_5-6_03.jpg,0000569095_5-6_03
Sayon Keita,0000809177_5-6_03.jpg,0000809177_5-6_03
Arturas Butajevas,defaultFace.jpg,NA
Iker Chacón,0000568872_5-6_03.jpg,0000568872_5-6_03
Mathieu Grujicic,0000809178_5-6_03.jpg,0000809178_5-6_03
Trae Bell-Haynes,0000566040_5-6_03.jpg,0000566040_5-6_03
Dzanan Musa,0000569335_5-6_03.jpg,0000569335_5-6_03
Emir Sulejmanovic,0000565804_5-6_03.jpg,0000565804_5-6_03
Mario Hezonja,0000569476_5-6_03.jpg,0000569476_5-6_03
Facu Campazzo,0000569383_5-6_03.jpg,0000569383_5-6_03
Edy Tavares,0000569567_5-6_03.jpg,0000569567_5-6_03
Bojan Dubljevic,0000565773_5-6_03.jpg,0000565773_5-6_03
Bruno Fernando,0000776340_5-6_03.jpg,0000776340_5-6_03
Santi Yusta,0000566004_5-6_03.jpg,0000566004_5-6_03
Marco Spissu,0000565940_5-6_03.jpg,0000565940_5-6_03
Gabriel Deck,0000569415_5-6_03.jpg,0000569415_5-6_03
Serge Ibaka,0000569504_5-6_03.jpg,0000569504_5-6_03
Sergio Llull,0000569524_5-6_03.jpg,0000569524_5-6_03
Alberto Abalde,0000569277_5-6_03.jpg,0000569277_5-6_03
Andrés Feliz,0000569295_5-6_03.jpg,0000569295_5-6_03
Usman Garuba,0000569548_5-6_03.jpg,0000569548_5-6_03
Miguel González,0000565968_5-6_03.jpg,0000565968_5-6_03
Hugo González,0000569444_5-6_03.jpg,0000569444_5-6_03
Yoanki Mencía,0000566070_5-6_03.jpg,0000566070_5-6_03
Nate Watson,0000782010_5-6_03.jpg,0000782010_5-6_03
AJ Slaughter,0000565754_5-6_03.jpg,0000565754_5-6_03
Jaime Fernández,0000572556_5-6_03.jpg,0000572556_5-6_03
Sidi Gueye,0000569355_5-6_03.jpg,0000569355_5-6_03
Eli John Ndiaye,0000569361_5-6_03.jpg,0000569361_5-6_03
Xavier Rathan-Mayes,0000569590_5-6_03.jpg,0000569590_5-6_03
Tomas Dimsa,0000781925_5-6_03.jpg,0000781925_5-6_03
Youssouf Traoré,defaultFace.jpg,NA
Daniel Muñoz,0000572590_5-6_03.jpg,0000572590_5-6_03
Declan Duru,0000569329_5-6_03.jpg,0000569329_5-6_03
Gildas Giménez,0000569439_5-6_03.jpg,0000569439_5-6_03
Haydn Ling,defaultFace.jpg,NA
Felipe Minzer,0000798169_5-6_03.jpg,0000798169_5-6_03
Álex Moreno,0000607050_5-6_03.jpg,0000607050_5-6_03
Ante Tomic,0000566167_5-6_03.jpg,0000566167_5-6_03
Devon Dotson,0000566218_5-6_03.jpg,0000566218_5-6_03
Kameron Taylor,0000564110_5-6_03.jpg,0000564110_5-6_03
Artem Pustovyi,0000566188_5-6_03.jpg,0000566188_5-6_03
Kassius Robertson,0000566312_5-6_03.jpg,0000566312_5-6_03
Kendrick Perry,0000564136_5-6_03.jpg,0000564136_5-6_03
Tyson Carter,0000564330_5-6_03.jpg,0000564330_5-6_03
Sam Dekker,0000604555_5-6_03.jpg,0000604555_5-6_03
Dylan Osetkowski,0000564043_5-6_03.jpg,0000564043_5-6_03
Tyson Pérez,0000564362_5-6_03.jpg,0000564362_5-6_03
Adam Hanga,0000566132_5-6_03.jpg,0000566132_5-6_03
Alberto Díaz,0000563988_5-6_03.jpg,0000563988_5-6_03
Killian Tillie,0000564171_5-6_03.jpg,0000564171_5-6_03
David Kravish,0000564021_5-6_03.jpg,0000564021_5-6_03
Yannick Kraag,0000566490_5-6_03.jpg,0000566490_5-6_03
Tyler Kalinoski,0000564308_5-6_03.jpg,0000564308_5-6_03
Andrejs Grazulis,0000807413_5-6_03.jpg,0000807413_5-6_03
Nihad Djedovic,0000564279_5-6_03.jpg,0000564279_5-6_03
Olek Balcerowski,0000567338_5-6_03.jpg,0000567338_5-6_03
Jonathan Barreiro,0000564081_5-6_03.jpg,0000564081_5-6_03
Yankuba Sima,0000564388_5-6_03.jpg,0000564388_5-6_03
Melvin Ejim,0000564241_5-6_03.jpg,0000564241_5-6_03
Guillem Vives,0000566248_5-6_03.jpg,0000566248_5-6_03
Pau Ribas,0000566427_5-6_03.jpg,0000566427_5-6_03
Michael Ruzic,0000566373_5-6_03.jpg,0000566373_5-6_03
Miguel Allen,0000566397_5-6_03.jpg,0000566397_5-6_03
Ian Platteeuw,0000566273_5-6_03.jpg,0000566273_5-6_03
Pau Majoral,0000566420_5-6_03.jpg,0000566420_5-6_03
Manuel Trujillo,0000564211_5-6_03.jpg,0000564211_5-6_03
Adrián Torres,0000776967_5-6_03.jpg,0000776967_5-6_03
Jean Montero,0000566675_5-6_03.jpg,0000566675_5-6_03
Matt Costello,0000566734_5-6_03.jpg,0000566734_5-6_03
Chris Jones,0000566624_5-6_03.jpg,0000566624_5-6_03
Jaime Pradilla,0000566655_5-6_03.jpg,0000566655_5-6_03
Charlie Moore,0000570711_5-6_03.jpg,0000570711_5-6_03
Dae Dae Grant,0000770619_5-6_03.jpg,0000770619_5-6_03
Semi Ojeleye,0000566811_5-6_03.jpg,0000566811_5-6_03
Dominik Mavra,0000607092_5-6_03.jpg,0000607092_5-6_03
Brancou Badio,0000566600_5-6_03.jpg,0000566600_5-6_03
Jordan Sakho,0000570867_5-6_03.jpg,0000570867_5-6_03
Toni Nakic,0000570911_5-6_03.jpg,0000570911_5-6_03
Joel Soriano,0000814035_5-6_03.jpg,0000814035_5-6_03
Josep Puerto,0000566702_5-6_03.jpg,0000566702_5-6_03
Nate Reuvers,0000566757_5-6_03.jpg,0000566757_5-6_03
Xabi López-Arostegui,0000566892_5-6_03.jpg,0000566892_5-6_03
Sergio de Larrea,0000566835_5-6_03.jpg,0000566835_5-6_03
Edin Atic,0000570764_5-6_03.jpg,0000570764_5-6_03
Nate Sestina,0000566778_5-6_03.jpg,0000566778_5-6_03
Dragan Apic,0000570747_5-6_03.jpg,0000570747_5-6_03
Aleksandar Aranitovic,0000570693_5-6_03.jpg,0000570693_5-6_03
Amida Brimah,0000605835_5-6_03.jpg,0000605835_5-6_03
Stefan Jovic,0000566863_5-6_03.jpg,0000566863_5-6_03
Boubacar Touré,0000783335_5-6_03.jpg,0000783335_5-6_03
Arturs Kurucs,0000775436_5-6_03.jpg,0000775436_5-6_03
Eric Vila,0000570800_5-6_03.jpg,0000570800_5-6_03
Erik Quintela,0000570818_5-6_03.jpg,0000570818_5-6_03
Elijah Hughes,0000809831_5-6_03.jpg,0000809831_5-6_03
Jorge Carot,0000566924_5-6_03.jpg,0000566924_5-6_03
Ethan Happ,0000566638_5-6_03.jpg,0000566638_5-6_03
Lucas Marí,0000566931_5-6_03.jpg,0000566931_5-6_03
Giorgi Shermadini,0000564886_5-6_03.jpg,0000564886_5-6_03
Marcelinho Huertas,0000569143_5-6_03.jpg,0000569143_5-6_03
Derrick Alston Jr.,0000567112_5-6_03.jpg,0000567112_5-6_03
Fran Guerra,0000564866_5-6_03.jpg,0000564866_5-6_03
Cameron Hunt,0000567032_5-6_03.jpg,0000567032_5-6_03
Bruno Fitipaldo,0000564816_5-6_03.jpg,0000564816_5-6_03
David Kramer,0000564842_5-6_03.jpg,0000564842_5-6_03
Emanuel Cate,0000567141_5-6_03.jpg,0000567141_5-6_03
Aaron Doornekamp,0000564799_5-6_03.jpg,0000564799_5-6_03
Thomas Scrubb,0000565038_5-6_03.jpg,0000565038_5-6_03
Tim Abromaitis,0000565058_5-6_03.jpg,0000565058_5-6_03
Jaime Fernández,0000564927_5-6_03.jpg,0000564927_5-6_03
Mario Saint-Supery,0000567230_5-6_03.jpg,0000567230_5-6_03
Retin Obasohan,0000567284_5-6_03.jpg,0000567284_5-6_03
Álex Reyes,0000566978_5-6_03.jpg,0000566978_5-6_03
Bodian Massa,0000567016_5-6_03.jpg,0000567016_5-6_03
Armel Traore,0000783312_5-6_03.jpg,0000783312_5-6_03
Dani Pérez,0000567081_5-6_03.jpg,0000567081_5-6_03
Joan Sastre,0000564949_5-6_03.jpg,0000564949_5-6_03
Marcis Steinbergs,0000567213_5-6_03.jpg,0000567213_5-6_03
Guillem Jou,0000567176_5-6_03.jpg,0000567176_5-6_03
Santiago Vescovi,0000567309_5-6_03.jpg,0000567309_5-6_03
Musa Sagnia,0000567262_5-6_03.jpg,0000567262_5-6_03
Henri Drell,0000795078_5-6_03.jpg,0000795078_5-6_03
Ibou Badji,0000809296_5-6_03.jpg,0000809296_5-6_03
Kostas Kostadinov,0000564974_5-6_03.jpg,0000564974_5-6_03
Lluís Costa,0000564987_5-6_03.jpg,0000564987_5-6_03
Max Gaspà,0000567254_5-6_03.jpg,0000567254_5-6_03
Jaume Sorolla,0000775399_5-6_03.jpg,0000775399_5-6_03
Rafael Rodríguez,0000784637_5-6_03.jpg,0000784637_5-6_03
Ludvik Bergseng,0000784371_5-6_03.jpg,0000784371_5-6_03
Louis Riga,0000784636_5-6_03.jpg,0000784636_5-6_03
Dylan Ennis,0000569688_5-6_03.jpg,0000569688_5-6_03
Nico Brussino,0000565354_5-6_03.jpg,0000565354_5-6_03
Caleb Homesley,0000565125_5-6_03.jpg,0000565125_5-6_03
Simon Birgander,0000569905_5-6_03.jpg,0000569905_5-6_03
Rodions Kurucs,0000569880_5-6_03.jpg,0000569880_5-6_03
Mike Tobey,0000565311_5-6_03.jpg,0000565311_5-6_03
Kaiser Gates,0000775376_5-6_03.jpg,0000775376_5-6_03
George Conditt IV,0000565187_5-6_03.jpg,0000565187_5-6_03
Andrew Albicy,0000565106_5-6_03.jpg,0000565106_5-6_03
Ludde Hakanson,0000569782_5-6_03.jpg,0000569782_5-6_03
Joe Thomasson,0000565233_5-6_03.jpg,0000565233_5-6_03
Carlos Alocén,0000565142_5-6_03.jpg,0000565142_5-6_03
John Shurna,0000565253_5-6_03.jpg,0000565253_5-6_03
Howard Sant-Roos,0000569724_5-6_03.jpg,0000569724_5-6_03
Jonah Radebaugh,0000569766_5-6_03.jpg,0000569766_5-6_03
Pierre Pelos,0000565376_5-6_03.jpg,0000565376_5-6_03
Kostas Antetokounmpo,0000784060_5-6_03.jpg,0000784060_5-6_03
Miquel Salvó,0000565332_5-6_03.jpg,0000565332_5-6_03
Moussa Diagne,0000569833_5-6_03.jpg,0000569833_5-6_03
DJ Stephens,0000769923_5-6_03.jpg,0000769923_5-6_03
Ziga Samar,0000776329_5-6_03.jpg,0000776329_5-6_03
Nemanja Radovic,0000569856_5-6_03.jpg,0000569856_5-6_03
Dani García,0000569668_5-6_03.jpg,0000569668_5-6_03
Massamba Diop,0000565293_5-6_03.jpg,0000565293_5-6_03
Jovan Kljajic,0000565270_5-6_03.jpg,0000565270_5-6_03
Fabian Flores,defaultFace.jpg,NA
Joao Neves,0000741650_5-6_03.jpg,0000741650_5-6_03
José Tomás Martínez,0000741657_5-6_03.jpg,0000741657_5-6_03
Dylan Bordón,0000565163_5-6_03.jpg,0000565163_5-6_03
Jakub Urbaniak,0000565212_5-6_03.jpg,0000565212_5-6_03
