id_match,team_team_abbrev_name,distancia
104052,JOV,3.373154110954174
104052,UCM,4.024591972523237
104053,GIR,4.329260898631692
104053,UNI,4.916472011949372
104054,DGC,4.089881842567041
104054,MBA,4.40262127755822
104055,BAX,3.6486128818527095
104055,VBC,3.893645575590212
104056,BAR,3.908262075663
104056,COV,4.875022343999023
104057,BKN,4.043523917019289
104057,LLT,4.230313107318653
104058,CAZ,3.823251671438116
104058,HIO,4.413425753438419
104059,BRE,3.6629813677366845
104059,SBB,4.23865110147078
104060,COR,5.360660867638843
104060,RMB,4.196600700545778
104061,BKN,4.991684960971
104061,MBA,5.494371010540138
104062,BRE,4.616389697024914
104062,LLT,4.614355051378226
104063,SBB,3.7809934608719002
104063,UCM,3.337443005178136
104064,JOV,4.766568368494354
104064,VBC,3.8282216306795935
104065,CAZ,3.897708303784772
104065,RMB,3.880784997216136
104066,COR,4.598896554301819
104066,DGC,4.776541117536305
104067,BAX,4.584184107774122
104067,GIR,3.997174167674234
104068,COV,5.330844336141338
104068,UNI,3.3128833057701494
104069,BAR,3.876627165801942
104069,HIO,4.505284937880516
104070,BKN,3.871801865632133
104070,UCM,5.664430376534871
104071,HIO,4.3368825462671925
104071,UNI,3.8500204588564855
104072,COR,5.228901147196939
104072,MBA,4.351242347312485
104073,COV,4.564831109812082
104073,GIR,3.9614401199637195
104074,RMB,4.542149592575576
104074,SBB,4.225788720730567
104075,BAX,4.058928033372056
104075,DGC,3.9249326183543065
104076,BRE,3.9918877199526386
104076,VBC,5.48461572431723
104077,CAZ,4.1100360135690295
104077,JOV,3.7934902373476476
104078,BAR,5.239257241429505
104078,LLT,5.174234016105617
104079,BRE,4.250156849014979
104079,JOV,3.6918463755840722
104080,COR,3.916806688522535
104080,UNI,4.928449143831129
104081,DGC,4.829472327151363
104081,SBB,5.021244101898931
104082,CAZ,3.4642772816856056
104082,UCM,4.048205895215381
104083,GIR,4.549390340489319
104083,RMB,3.813272193794371
104084,BAX,4.9480162917239525
104084,HIO,4.233323610609509
104085,COV,4.360385492938036
104085,LLT,3.8688711822977
104086,MBA,5.011006371946764
104086,VBC,4.1965473619570846
104087,BAR,4.281055443101138
104087,BKN,4.403079382865359
104088,GIR,4.3116215954549135
104088,UCM,4.429268058851543
104089,BKN,4.972774734980207
104089,JOV,4.680670974788611
104090,COV,4.754526224394384
104090,MBA,4.021574644377849
104091,CAZ,4.124536406230727
104091,COR,3.9850278215847075
104092,BAX,4.098003321633241
104092,RMB,4.071864419735501
104093,DGC,4.741632074074095
104093,LLT,3.7872382784275365
104094,SBB,3.5860406302094003
104094,VBC,4.382097740750783
104095,BRE,4.208653803174241
104095,HIO,4.751159295055648
104096,BAR,3.889217962124872
104096,UNI,4.5730691358939355
104097,GIR,4.458536785360241
104097,JOV,4.315238627749356
104098,BRE,3.539504367747982
104098,CAZ,4.054230470242933
104099,BAX,4.13203991509382
104099,UNI,3.9521515778011143
104100,COV,3.92879711822999
104100,SBB,3.843270396697152
104101,LLT,5.023513633607305
104101,VBC,4.285118363921958
104102,HIO,4.797792340568307
104102,MBA,4.243941062924782
104103,BAR,4.123120060234302
104103,COR,4.91550587104044
104104,BKN,4.778804583577047
104104,DGC,4.291855369009496
104105,RMB,3.6010289100004256
104105,UCM,4.385509081433191
104106,BAX,3.602228184712973
104106,COV,5.074737321413088
104107,MBA,4.496657318496492
104107,UCM,4.781176373557944
104108,CAZ,3.584824734623241
104108,VBC,4.680886319470353
104109,JOV,4.119659195842961
104109,UNI,3.8562000341904366
104110,GIR,4.617521815788059
104110,SBB,4.343373554191223
104111,DGC,4.614608396314974
104111,RMB,4.473537923828276
104112,BKN,4.715962708143055
104112,HIO,5.338872072670678
104113,COR,4.159032311199755
104113,LLT,4.964872205935714
104114,BAR,3.1520731442167
104114,BRE,4.055666936629379
104115,BRE,3.7138018782720543
104115,UCM,4.36129673686089
104116,COR,4.982764209593637
104116,COV,3.9914392464590587
104117,BAX,3.5171197076453793
104117,LLT,4.181072861373848
104118,BKN,4.96157010892854
104118,CAZ,4.318998180310275
104119,HIO,4.548306932718964
104119,RMB,4.194905806140227
104120,DGC,4.617957510023405
104120,GIR,4.274833043466605
104121,MBA,4.473597313232439
104121,UNI,4.596069876958945
104122,JOV,3.6921062701522507
104122,SBB,3.8408212120286893
104123,BAR,4.217449124541614
104123,VBC,4.69267281419977
104124,LLT,5.119144650118641
104124,UNI,4.839540566319219
104125,BRE,3.5541446285995866
104125,COV,4.568466129551932
104126,CAZ,4.024448887506463
104126,SBB,4.338811115618802
104127,GIR,3.841844375757416
104127,MBA,4.200718482684404
104128,BAR,3.555586467179166
104128,BAX,4.620640464884347
104129,DGC,3.9267536088152086
104129,UCM,4.5177039318919325
104130,COR,4.650086519124942
104130,HIO,5.369549716924364
104131,BKN,4.432709595060193
104131,VBC,4.886119791273044
104132,JOV,4.26005345368656
104132,RMB,4.684926652980251
104133,CAZ,3.4107220751434246
104133,MBA,5.090834972310461
104134,BAX,4.8317128162772365
104134,COR,4.888906393292191
104135,HIO,4.447227086510624
104135,LLT,4.361622104656214
104136,GIR,4.34182339555623
104136,VBC,4.293542836163165
104137,BKN,4.30050877592765
104137,SBB,3.5389234062227874
104138,BRE,4.8561716185749635
104138,DGC,4.757387739090067
104139,COV,3.9544967334313363
104139,JOV,3.7236992138933744
104140,BAR,4.664821708394287
104140,UCM,4.793891580099203
104141,RMB,3.856379678559865
104141,UNI,4.528963793479263
104142,BAX,3.9768875049755144
104142,MBA,3.0915217011952714
104143,UCM,4.0226002712892415
104143,VBC,4.068040415445286
104144,COR,3.9681839761204936
104144,GIR,4.672651475397724
104145,DGC,5.13184667714138
104145,UNI,4.208435439977599
104146,JOV,4.384379870364881
104146,LLT,4.814174793392603
104147,BRE,4.997581079780484
104147,RMB,4.253802553911522
104148,BKN,3.881228389478593
104148,COV,3.3279446710787424
104149,HIO,5.159033659494246
104149,SBB,4.778861112797188
104150,BAR,4.963428286702517
104150,CAZ,3.578973540144035
104151,BRE,3.770906745276649
104151,GIR,4.465652859948793
104152,COV,5.084459381992828
104152,HIO,4.954670683306997
104153,LLT,4.263498979061893
104153,UCM,4.2563842165694314
104154,BKN,4.200832728781369
104154,UNI,4.870834241336136
104155,COR,3.9893652610602675
104155,JOV,5.115187370476676
104156,CAZ,5.081993131159675
104156,DGC,4.131989216296948
104157,BAR,4.574633733316936
104157,MBA,4.2657547357906545
104158,BAX,4.38503073166101
104158,SBB,4.051468376441491
104159,RMB,3.593575846554004
104159,VBC,4.024740306139055
104160,HIO,4.336267732413039
104160,JOV,4.95296493889945
104161,DGC,4.505141000520303
104161,VBC,5.048391625822163
104162,COR,4.041455754942668
104162,SBB,5.367891857021879
104163,BRE,4.507045738710567
104163,UNI,4.4572167728645224
104164,LLT,4.8467869290317855
104164,MBA,5.0302579487377885
104165,COV,4.79550850731253
104165,UCM,3.9593569705021454
104166,CAZ,2.7369825654980064
104166,GIR,4.174511158274487
104167,BAX,4.258086173045622
104167,BKN,3.0745031010590136
104168,BAR,4.4538902422753734
104168,RMB,4.117263847900743
104169,HIO,4.249104488494318
104169,VBC,4.9079559567752336
104170,DGC,4.9083825003394965
104170,JOV,4.1682764738041564
104171,MBA,4.049489258896197
104171,SBB,4.659171695905499
104172,BAX,4.5405317167238755
104172,BRE,3.9836683240185558
104173,UCM,3.3380682530316834
104173,UNI,3.5863215951640632
104174,CAZ,3.3605864032035835
104174,LLT,4.644935309638966
104175,BAR,4.321035974111812
104175,GIR,4.185150502727603
104176,BKN,5.249157770086746
104176,COR,5.066124836376511
104177,COV,4.069915632241632
104177,RMB,3.9197322932820464
104178,BAX,3.8811939443631145
104178,UCM,4.099998486370239
104179,GIR,5.332399866884431
104179,HIO,4.468418179086349
104180,BRE,4.360074605265163
104180,MBA,4.4476013264756515
104181,CAZ,5.37758749755374
104181,UNI,4.597124207622739
104182,LLT,4.451625495464064
104182,SBB,4.459510285269211
104183,BAR,4.595474102419006
104183,JOV,4.806635075171861
104184,COR,3.6838099477848805
104184,VBC,4.828252541609056
104185,COV,3.6481010063512116
104185,DGC,4.062417653745551
104186,BKN,4.012422901462564
104186,RMB,4.837839740310806
104187,SBB,4.543364275377642
104187,UNI,3.652535403780054
104188,COV,3.9669159549307293
104188,VBC,4.49465094094879
104189,BAX,4.56843861674892
104189,CAZ,4.578108161399386
104190,JOV,3.5884006765274603
104190,MBA,4.1578890515941564
104191,HIO,2.6948202948137334
104191,UCM,3.3984358725007175
104192,BRE,4.440547938215344
104192,COR,5.054483570751267
104193,BAR,5.044003973034197
104193,DGC,4.868522953175914
104194,BKN,4.801140401932525
104194,GIR,4.4565760811655935
104195,LLT,4.54883560888918
104195,RMB,3.8300448692731
104196,COR,4.9580869977952835
104196,UCM,4.32846298046053
104197,BAX,4.015276856592377
104197,JOV,3.8367950935283055
104198,GIR,4.358966613559764
104198,LLT,4.3420606762610285
104199,UNI,4.43587136182848
104199,VBC,4.758988930207323
104200,DGC,4.568005680455277
104200,HIO,4.00589349758262
104201,CAZ,4.2577416096747385
104201,COV,4.076320778163655
104202,BAR,4.360253515778364
104202,SBB,4.242200188927958
104203,BKN,5.178661357103984
104203,BRE,4.912061506931323
104204,MBA,5.080792188663578
104204,RMB,4.0269549441984704
104205,BAX,4.713150534387059
104205,VBC,3.885345837207435
104206,BRE,3.8668165072606886
104206,SBB,5.265792697203839
104207,GIR,4.279143800876865
104207,UNI,5.1368864822346945
104208,COV,4.398727147099257
104208,JOV,3.8198828303955827
104209,CAZ,3.7678091847185087
104209,MBA,4.616727562769006
104210,DGC,4.564097631447651
104210,LLT,4.955684841806717
104211,BKN,4.372932409629928
104211,HIO,4.694430697390411
104212,COR,3.8440591334038716
104212,RMB,4.148112990612407
104213,BAR,3.2076439435205284
104213,UCM,4.3164305303490575
104214,CAZ,3.932512740344357
104214,UCM,4.295168550320368
104215,COV,4.442966277012501
104215,GIR,4.121200672917207
104216,MBA,5.170112799136025
104216,VBC,4.624127564743318
104217,COR,4.362603885877289
104217,DGC,4.706409530357895
104218,BKN,4.425797085621413
104218,UNI,3.7157942216534376
104219,BRE,4.96279682084039
104219,LLT,4.5131668559687075
104220,HIO,3.936833559629594
104220,SBB,3.871091322755861
104221,BAR,4.187888253929446
104221,BAX,4.806644252932622
104222,JOV,3.830979214548179
104222,RMB,3.6659465938104536
104223,BAX,3.990324340954096
104223,SBB,3.9892435251145826
104224,BRE,4.786934886233376
104224,UNI,4.523193181962371
104225,LLT,3.377529037937374
104225,UCM,4.500898154585796
104226,COR,4.586142447299863
104226,JOV,3.7907246455741297
104227,HIO,4.292396465059582
104227,RMB,3.9078503785826157
104228,DGC,4.67161897785493
104228,MBA,3.877816995895642
104229,CAZ,4.382283718196595
104229,GIR,4.3772718373548765
104230,BKN,4.874402448384939
104230,COV,4.494290480512188
104231,BAR,3.5925901782667475
104231,VBC,5.044047547651834
104232,CAZ,4.344879536736656
104232,VBC,4.642878735781337
104233,COR,4.960761650707068
104233,HIO,4.926672320603093
104234,COV,4.744292306729591
104234,UCM,3.92442181513585
104235,JOV,4.959450264487394
104235,LLT,4.400353564449246
104236,GIR,4.354310187449607
104236,SBB,4.710913450025831
104237,BAX,5.254340154332308
104237,UNI,4.683697757730663
104238,BAR,3.876459547000668
104238,BRE,5.040548538224352
104239,BKN,4.2070869845018235
104239,MBA,4.2496276044048775
104240,DGC,4.881580866565574
104240,RMB,4.888716645824359
104241,SBB,4.029725733151456
104241,VBC,4.5449085197775645
104242,COV,5.08706167914335
104242,UNI,4.766184391739564
104243,BRE,4.499657591006929
104243,MBA,4.923556588866838
104244,GIR,4.115051614159942
104244,JOV,4.329081335864853
104245,RMB,4.246430714519671
104245,UCM,4.315603335869072
104246,BAX,4.391942429887724
104246,COR,4.055918581581447
104247,BKN,4.687358935980023
104247,DGC,5.263064853563185
104248,CAZ,4.965875758710319
104248,HIO,4.475396661900185
104249,BAR,4.418233072179752
104249,LLT,4.595191100610401
104250,GIR,4.061001215447779
104250,UCM,3.6604248690459658
104251,JOV,5.042818867796793
104251,VBC,4.2788663326511935
104252,CAZ,4.401183291912848
104252,UNI,5.053236799457197
104253,BAX,4.543956173028329
104253,DGC,4.346562654738131
104254,COV,4.852525785355841
104254,HIO,3.7631681923031945
104255,BRE,4.774947590305012
104255,COR,4.886512838270448
104256,BAR,4.103465532569098
104256,MBA,5.2146287554747275
104257,LLT,4.085648498144593
104257,SBB,3.4016238512663355
104258,BKN,4.215812095708757
104258,RMB,4.160985236137946
104259,DGC,4.3389694668633965
104259,GIR,4.758402576000599
104260,COR,4.9675296204953066
104260,VBC,4.615936579143531
104261,BAX,5.089740256038424
104261,BKN,4.5722362283124935
104262,BRE,3.428513807189502
104262,UCM,4.480053861141432
104263,HIO,4.241694795471891
104263,JOV,4.391193601570202
104264,LLT,4.223506266122766
104264,MBA,3.988078725218503
104265,BAR,3.8708058506281517
104265,CAZ,3.6427743111289765
104266,COV,3.9740123745788147
104266,SBB,4.2018369581323345
104267,RMB,4.41838528894587
104267,UNI,6.047576623453577
104268,MBA,4.24650726794544
104268,UCM,3.5167006934092173
104269,BAX,4.524130451761411
104269,HIO,3.247527793342344
104270,COR,4.479060376488911
104270,GIR,4.513524380089238
104271,CAZ,3.36261091387479
104271,LLT,4.530475660852653
104272,COV,4.39749018593485
104272,VBC,4.8379604280853865
104273,DGC,4.089245162391375
104273,UNI,5.0006935802375505
104274,RMB,4.1734495538333976
104274,SBB,4.080942632537689
104275,BKN,4.802330732044322
104275,BRE,4.795634243483326
104276,BAR,3.9599599598141335
104276,JOV,4.691278828865908
104277,JOV,4.513480909140429
104277,MBA,3.769983825319782
104278,BRE,6.123052995092354
104278,HIO,4.4053857866836745
104279,DGC,4.440412843054629
104279,SBB,4.3401318761072085
104280,UCM,4.187674796394103
104280,VBC,4.784777480362781
104281,BAX,3.90963473522458
104281,CAZ,3.913412116370132
104282,COV,4.293225410628951
104282,LLT,3.7896285381046564
104283,COR,4.73308546335015
104283,UNI,4.8881443164722445
104284,BKN,4.467036541708488
104284,GIR,5.441270765605315
104285,BAR,4.360754959824954
104285,RMB,4.375206873444094
104286,BRE,5.586696852464505
104286,GIR,5.3260322652302685
104287,CAZ,5.2705917253745875
104287,COR,4.438457056118096
104288,BKN,3.2009890077291474
104288,UCM,3.5118867318160953
104289,DGC,4.926665210779431
104289,HIO,3.87815482323616
104290,BAX,4.621693872470026
104290,JOV,4.037080456819711
104291,LLT,4.341458540997084
104291,RMB,3.6633357921194123
104292,BAR,3.8117103868225595
104292,COV,3.6967331565417654
104293,MBA,4.620307225015071
104293,SBB,4.886795568956394
104294,UNI,4.325164505474752
104294,VBC,4.471243595175564
104295,BAX,3.8753407475238735
104295,GIR,4.510325483807315
104296,SBB,3.928884479081788
104296,UNI,4.233558612309329
104297,COR,4.085930524203618
104297,COV,4.21503254693672
104298,JOV,3.5159923226831213
104298,UCM,3.704430557488349
104299,MBA,3.887440645581772
104299,RMB,4.629083834991537
104300,HIO,3.923536461274054
104300,VBC,4.479278134817714
104301,BKN,4.930180246394349
104301,LLT,5.325968524920286
104302,BRE,5.469805732845251
104302,CAZ,4.427942356925035
104303,BAR,4.616635995731777
104303,DGC,4.623427556197818
104304,CAZ,4.395388938888179
104304,DGC,4.971424793327178
104305,BAX,4.9829096340906505
104305,COV,3.8046700041672508
104306,BRE,3.5973547640106536
104306,JOV,3.4789105092266683
104307,COR,4.604965890106478
104307,LLT,5.484010841641206
104308,GIR,5.058917348933022
104308,RMB,4.949108560613731
104309,BKN,3.6422374487427476
104309,VBC,4.18174986740353
104310,HIO,4.353944258671785
104310,MBA,4.116948848912436
104311,SBB,5.0677376738699245
104311,UCM,3.557292017199858
104312,BAR,4.472615569016452
104312,UNI,4.895349796873383
104313,JOV,4.396264219679674
104313,SBB,4.743451811920737
104314,BKN,4.392142502037465
104314,CAZ,5.147151188796858
104315,BAX,3.726192764820812
104315,BRE,4.661625517902848
104316,COV,4.750858546878218
104316,DGC,4.585018588306145
104317,GIR,4.382560399522565
104317,LLT,5.649460078969852
104318,MBA,4.6428944127548375
104318,UNI,4.241256010405482
104319,HIO,4.1199268043882356
104319,UCM,4.9657864383189905
104320,BAR,5.174406117148465
104320,COR,4.612489521894781
104321,RMB,3.7604191568210363
104321,VBC,4.3865705303000215
104322,COR,4.575443901752902
104322,SBB,5.67393180777369
104323,GIR,4.940708867287756
104323,MBA,4.235099506276013
104324,DGC,4.538719846958915
104324,VBC,4.5922008981119395
104325,BKN,4.336924140314859
104325,JOV,4.0027919921525665
104326,CAZ,3.9133773548900526
104326,COV,4.447313794305644
104327,LLT,4.066047746595523
104327,UNI,4.3344394832796125
104328,BAR,4.44935720502064
104328,HIO,3.6874084330999537
104329,BAX,3.667390796795288
104329,UCM,3.423692689145996
104330,BRE,4.729063931730307
104330,RMB,4.289878522009072
104331,COR,3.981892963106892
104331,MBA,4.93924770357492
104332,BRE,4.907650319976654
104332,COV,3.9683203776675127
104333,DGC,4.487020136414309
104333,JOV,4.7413094435333285
104334,GIR,4.477547017074002
104334,VBC,4.782421619155751
104335,BAX,4.884319673008516
104335,RMB,3.677149644346896
104336,UCM,5.4358051344103195
104336,UNI,4.9622771987957845
104337,CAZ,4.290295277295327
104337,SBB,4.682568361298822
104338,HIO,4.3770644380446795
104338,LLT,5.232143053771845
104339,BAR,5.173994040765983
104339,BKN,4.216701830814804
104340,CAZ,4.5017514126794955
104340,JOV,4.796564029067054
104341,BAX,4.753880367512295
104341,MBA,3.9662152430746422
104342,BKN,3.6265194821086024
104342,SBB,4.1293823013753395
104343,COR,3.7622385601990613
104343,UCM,4.639310304360624
104344,HIO,4.2419354675526595
104344,UNI,4.226005654803378
104345,LLT,4.74441442948286
104345,VBC,4.376076941856185
104346,BRE,4.585897744800596
104346,DGC,4.276300724991461
104347,BAR,5.602377069605102
104347,GIR,5.60734676705677
104348,COV,4.591155009556631
104348,RMB,2.792609058221217
104349,DGC,4.1087735785911095
104349,UCM,4.374074919330452
104350,GIR,5.585698964731491
104350,HIO,4.123037232316543
104351,CAZ,3.6451601686275703
104351,RMB,4.7306391151369
104352,BAR,4.517745916424905
104352,SBB,4.51117946216784
104353,BAX,4.256536814168389
104353,LLT,4.246078319931885
104354,BKN,4.78192545770165
104354,COR,4.226939952340868
104355,JOV,4.465767525866983
104355,UNI,4.076982716349028
104356,COV,4.846665013509107
104356,MBA,4.658842659951909
104357,BRE,4.082445025823908
104357,VBC,5.053202923605421
104432,BKN,4.389046562592707
104432,RMB,4.785107914982684
104433,BAR,4.8267550134855695
104433,UNI,4.51676644595307
104434,BAR,3.7870143008093793
104434,UNI,4.048125056755457
104435,BKN,5.101602162526646
104435,RMB,4.524154950816732
104436,DGC,3.6248349928837738
104436,VBC,4.563617894457697
104437,JOV,3.8726711290118767
104437,LLT,4.533476458912626
104438,JOV,3.773311347224855
104438,LLT,4.0480454290716414
104439,DGC,5.346752953893012
104439,VBC,4.721815563508802
104440,LLT,4.43664319565199
104440,VBC,3.5741549007584923
104441,LLT,4.419571931440905
104441,VBC,4.323791529687733
104442,LLT,3.8817544516798086
104442,VBC,4.173635052894268
104445,BAR,5.202528908059714
104445,UNI,4.782335055463567
104446,RMB,4.641122602656312
104446,UNI,3.6188055978536062
104447,RMB,4.557329949575867
104447,UNI,4.50319114234154
104448,RMB,3.8651007658514716
104448,UNI,3.655166249658176
104449,RMB,4.046536128699207
104449,UNI,4.76177763538701
104451,RMB,4.158626526314979
104451,VBC,4.903724555694815
104452,RMB,4.2310941355203475
104452,VBC,5.448061267535657
104453,RMB,3.303889255577598
104453,VBC,4.47622907812752
